Título,Autor,Nº Páginas,Editora,Idioma,Acabamento,ISBN,Documento
1808: Como uma rainha,Laurentino Gomes,384,Globo Livros,(Português),Capa Comum, 978-8525057518,search/static/search/pages/Amazon/Positivas/1808.html
Box - As Melhores Aventuras Do Sítio Do Picapau Amarelo,Monteiro Lobato,640,Nova Fronteira,(Português),Capa dura, 978-8520943519,search/static/search/pages/Amazon/Positivas/Box_-_As_Melhores_Aventuras_Do_Sítio_Do_Picapau_Amarelo_Monteiro_Lobato_Amazon.com.br.html
Cotoco. O Diário De Um Garoto De 13 Anos,John Van de Ruit,390,Intrínseca,(Português),Capa Comum, 978-8598078854,search/static/search/pages/Amazon/Positivas/Cotoco.html
"Doctor Who: 12 Doutores, 12 histórias",Alex Scarrow,480,Fantástica Rocco,(Português),Capa Comum, 978-8568263044,"search/static/search/pages/Amazon/Positivas/Doctor_Who,_Neil_Gaiman_e_vários_-_Livros_na_Amazon.com.br.html"
Freud (1900) A interpretação dos sonhos: Obras completas volume 4,Sigmund Freud,736,Companhia das Letras,(Português),Capa dura, 978-8535932218,search/static/search/pages/Amazon/Positivas/Freud_(1900)_A_interpretação_dos_sonhos_Obras_completas_volume_4_-_9788535932218_-_Livros_na_Amazon_Brasil.html
Good Omens: Belas Maldições,Neil Gaiman,364,Bertrand Brasil,(Português),Capa Comum, 978-8528624021,search/static/search/pages/Amazon/Positivas/Good_Omens_Belas_Maldições_-_Livros_na_Amazon_Brasil-_9788528624021.html
Os Mitos de Cthulhu - Volume Único (Exclusivo Amazon),Esteban Maroto,92,Pipoca e Nanquim (7 de junho de 2019),(Português),Capa dura, 978-8593695261,search/static/search/pages/Amazon/Positivas/Os_Mitos_de_Cthulhu_-_Volume_Único_(Exclusivo_Amazon)_Livros.html
Redes de Computadores e a Internet: Uma Abordagem Top-Down,Jim Kurose,656,Pearson Universidades,(Português),Capa Comum, 978-8581436777,search/static/search/pages/Amazon/Positivas/Redes_de_Computadores_e_a_Internet_Uma_Abordagem_Top-Down_-_9788581436777_-_Livros_na_Amazon_Brasil.html
Sobotta - Atlas de Anatomia Humana - 3 Volumes,Friedrich Paulsen,1168,Guanabara Koogan,(Português),Capa dura, 978-8527732376,search/static/search/pages/Amazon/Positivas/Sobotta_-_Atlas_de_Anatomia_Humana_-_3_Volumes_-_9788527732376_-_Livros_na_Amazon_Brasil.html
Alice No País Das Maravilhas (Classic Edition),"Carroll,Lewis",208,,Português,Capa dura,9788594541758,search/static/search/pages/Saraiva/Positivas/Alice_No_País_Das_Maravilhas_(Classic_Edition)_-_Saraiva.html
Steve Jobs - A Biografia,"Isaacson,Walter, Isaacson,Walter",624,,Português,Brochura,9788535919714,search/static/search/pages/Saraiva/Positivas/Steve_Jobs_-_A_Biografia_-_Saraiva.html
Vade Mecum Compacto   - Brochura  - 21ª Ed. 2019,Editora Saraiva,2127,,Português,Brochura,9788553603244,search/static/search/pages/Saraiva/Positivas/Vade_Mecum_Compacto_-_Brochura_-_21a_Ed._2019_-_Saraiva.html
It - A Coisa,"King,Stephen",1104,,Português,Brochura,9788560280940,search/static/search/pages/Saraiva/Positivas/It_-_A_Coisa_-_Saraiva.html
Como Fazer Amigos e Influenciar Pessoas,,264,,Português,Brochura,9788504018028,search/static/search/pages/Saraiva/Positivas/Como_Fazer_Amigos_e_Influenciar_Pessoas_-_Saraiva.html
O Guia do Mochileiro Das Galáxias - Série o Mochileiro Das Galáxias - Vol. 1,"Adams,Douglas",208,,Português,Brochura,9788599296578,search/static/search/pages/Saraiva/Positivas/O_Guia_do_Mochileiro_Das_Galáxias_-_Série_o_Mochileiro_Das_Galáxias_-_Vol._1_-_Saraiva.html
"O Livrinho do Bebê - Animais, Palavras, Contrários, Cores e Formas","Books,Yoyo",128,,Português,Brochura,9789463041706,"search/static/search/pages/Saraiva/Positivas/O_Livrinho_do_Bebê_-_Animais,_Palavras,_Contrários,_Cores_e_Formas_-_Saraiva.html"
Star Wars - O Arquivo Rebelde,"Wallace,Daniel",176,,Português,Brochura,9788528622973,search/static/search/pages/Saraiva/Positivas/Star_Wars_-_O_Arquivo_Rebelde_-_Saraiva.html
A COR DA MAGIA,  Terry Pratchett,232, Conrad,Português,Brochura,9788587193391,search/static/search/pages/Travessa/Positivas/A_COR_DA_MAGIA_-_Terry_Pratchett_-_Livro.html
CYNDI MINHA HISTORIA,  Cyndi Lauper _ Jancee Dunn   Aline Naomi Sassaki,352, Belas-Letras,Português,Brochura,9788581744988,search/static/search/pages/Travessa/Positivas/CYNDI_MINHA_HISTORIA_-_Cyndi_Lauper_Jancee_Dunn_-_Livro.html
D. PEDRO II A HISTORIA NAO CONTADA - O ULTIMO IMPERADOR DO NOVO MUNDO REVELADO POR CARTAS E DOCUMENTOS INEDITOS,  Paulo Rezzutti,576, Leya,Português,Brochura,9788577346776,search/static/search/pages/Travessa/Positivas/D._PEDRO_II_A_HISTORIA_NAO_CONTADA_-_Paulo_Rezzutti_-_Livro.html
JAPONES PARA LEIGOS,  Eriko Sato   Samantha Batista,416, Alta Books,Português,Brochura,9788550802336,search/static/search/pages/Travessa/Positivas/JAPONES_PARA_LEIGOS_-_Eriko_Sato_-_Livro.html
LONELY PLANET ARGENTINA (INCLUI URUGUAI),,640, Globo Livros,Português,Brochura,9788525068125,search/static/search/pages/Travessa/Positivas/LONELY_PLANET_ARGENTINA_(INCLUI_URUGUAI)_-_Globo_Livros_-_Livro.html
MADELINE FINN E OS CÃES DO ABRIGO,  Lisa Papp   Lenice Bueno,32, Salamandra,Português,Brochura,9788516117979,search/static/search/pages/Travessa/Positivas/MADELINE_FINN_E_OS_CÃES_DO_ABRIGO_-_Lisa_Papp_-_Livro.html
O PODER DA AUTORRESPONSABILIDADE A FERRAMENTA COMPROVADA QUE GERA ALTA PERFORMANCE E RESULTADOS EM POUCO TEMPO,  Paulo Vieira,160, Gente,Português,Brochura,9788545202219,search/static/search/pages/Travessa/Positivas/O_PODER_DA_AUTORRESPONSABILIDADE_A_FERRAMENTA_COMPROVADA_QUE_GERA_ALTA_PERFORMANCE_E_RESULTADOS_EM_POUCO_TEMPO_-_Paulo_Vieira_-_Livro.html
CRONICAS PARA LER EM QUALQUER LUGAR,  Gregorio Duvivier _ Maria Ribeiro _ Xico Sa,112, Todavia,Português,Brochura,9786580309375,search/static/search/pages/Travessa/Positivas/CRONICAS_PARA_LER_EM_QUALQUER_LUGAR_-_Vários_(ver_informações_no_detalhe)_-_Livro.html
SO PARA UM ALIMENTAÇAO SAUDAVEL PARA QUEM MORA SOZINHO,  Rita Lobo,168, Senac SP,Português,Capa dura,9788539629510,search/static/search/pages/Travessa/Positivas/SO_PARA_UM_ALIMENTAÇAO_SAUDAVEL_PARA_QUEM_MORA_SOZINHO_-_Rita_Lobo_-_Livro.html
VIDAS SECAS - 140ªED.(2019),  Graciliano Ramos,176, Record,Português,Brochura,9788501114785,search/static/search/pages/Travessa/Positivas/VIDAS_SECAS_-_140aED.(2019)_-_Graciliano_Ramos_-_Livro.html
A Casa Dos Budas Ditosos,João Ubaldo Ribeiro,164,Objetiva,Português,Brochura ,9788573022391,search/static/search/pages/Traça/Positivas/A_Casa_Dos_Budas_Ditosos_-_João_Ubaldo_Ribeiro_-_Traça_Livraria_e_Sebo.html
Cavaleiros Do Zodíaco Vol 1,Masami Kurumada,110,Ano,Português,Brochura ,,search/static/search/pages/Traça/Positivas/Cavaleiros_Do_Zodíaco_Vol_1_-_Masami_Kurumada_-_Traça_Livraria_e_Sebo.html
Cem Anos De Solidão,Gabriel Garcia Marquez,368,1967,Português,Brochura ,,search/static/search/pages/Traça/Positivas/Cem_Anos_De_Solidão_-_Gabriel_Garcia_Marquez_-_Traça_Livraria_e_Sebo.html
Crianças Famosas: Schubert,Ann Rachlin E Susan Hellard,24,Editora,Português,Grampeado ,9788574164632,search/static/search/pages/Traça/Positivas/Crianças_Famosas__Schubert_-_Ann_Rachlin_E_Susan_Hellard_-_Traça_Livraria_e_Sebo.html
Indiozinhos,Mônica Haibara,12,FTD,Português,Grampeado ,,search/static/search/pages/Traça/Positivas/Indiozinhos_-_Mônica_Haibara_-_Traça_Livraria_e_Sebo.html
Livro Da Esperança,Francisco Cândido Xavier - Emmanuel,240,1984,Português,Brochura ,,search/static/search/pages/Traça/Positivas/Livro_Da_Esperança_-_Francisco_Cândido_Xavier_-_Emmanuel_-_Traça_Livraria_e_Sebo.html
Mozart Don Giovanni - A Vida De Mozart,Lorenzo Da Ponte - Henry Stendhal,200,1991,Português,Brochura ,,search/static/search/pages/Traça/Positivas/Mozart_Don_Giovanni_-_A_Vida_De_Mozart_-_Lorenzo_Da_Ponte_-_Henry_Stendhal_-_Traça_Livraria_e_Sebo.html
O Colapso Do Universo,Isaac Asimov,210,1987,em(Brasil) ,Capa Dura ,,search/static/search/pages/Traça/Positivas/O_Colapso_Do_Universo_-_Isaac_Asimov_-_Traça_Livraria_e_Sebo.html
Políticas Territoriais Na Amazônia,Neli Aparecida De Mello,412,2006,Português,Brochura ,9798574196205,search/static/search/pages/Traça/Positivas/Políticas_Territoriais_Na_Amazônia_-_Neli_Aparecida_De_Mello_-_Traça_Livraria_e_Sebo.html
Relações Exteriores Do Brasil Contemporâneo,Danielly Silva Ramos Becard,224,Vozes,Português,Brochura ,9788532638861,search/static/search/pages/Traça/Positivas/Relações_Exteriores_Do_Brasil_Contemporâneo_-_Danielly_Silva_Ramos_Becard_-_Traça_Livraria_e_Sebo.html
Afirmar-se com Nietzsche,Balthasar Thomass,208,Vozes Nobilis,Português,Brochura,9788532660480,search/static/search/pages/Cia_dos_Livros/Positivas/Livro_Afirmar-se_com_Nietzsche_-_Cia._dos_Livros.html
"Audácia Dessa Mulher, A",Ana Maria Machado,408,Alfaguara,Português,Brochura,9788556520876,"search/static/search/pages/Cia_dos_Livros/Positivas/Livro_Audácia_Dessa_Mulher,_A_-_Cia._dos_Livros.html"
Avaliação: Mito e Desafio,Jussara Hoffmann,158,MEDIACAO,Português,Brochura,9788577061273,search/static/search/pages/Cia_dos_Livros/Positivas/Livro_Avaliação_-_Mito_e_Desafio_-_Cia._dos_Livros.html
"Breve História do Feminismo no Contexto Euro-americano, Uma",Antje Schrupp,88,EDGARD BLUCHER,Português,Brochura,9788521214038,"search/static/search/pages/Cia_dos_Livros/Positivas/Livro_Breve_História_do_Feminismo_no_Contexto_Euro-americano,_Uma_-_Cia._dos_Livros.html"
"Corpo Fala, O: A Linguagem Silenciosa da Comunicação Não Verbal",Pierre Weil,287,VOZES,Português,Brochura,9788532602084,"search/static/search/pages/Cia_dos_Livros/Positivas/Livro_Corpo_Fala,_O_-_A_Linguagem_Silenciosa_da_Comunicação_Não_Verbal_-_Cia._dos_Livros.html"
"Cura do Ciúme, A: Aprenda a Confiar, Supere a Possessividade e Salve Seu Relacionamento",Robert L. Leahy,192,Artmed,Português,Brochura,9788582715550,"search/static/search/pages/Cia_dos_Livros/Positivas/Livro_Cura_do_Ciúme,_A_-_Aprenda_a_Confiar,_Supere_a_Possessividade_e_Salve_Seu_Relacionamento_-_Cia._dos_Livros.html"
Dom Casmurro - Coleção Grandes Mestres da Literatura Brasileira,Machado De Assis,192,LAROUSSE,Português,Brochura,9788581863009,search/static/search/pages/Cia_dos_Livros/Positivas/Livro_Dom_Casmurro_-_Coleção_Grandes_Mestres_da_Literatura_Brasileira_-_Cia._dos_Livros.html
"Em Busca do Texto Perfeito: Questões Contemporâneas de Edição, Preparação e Revisão Textual",Ana Elisa Ribeiro,96,GULLIVER,Português,Brochura,9788565432436,"search/static/search/pages/Cia_dos_Livros/Positivas/Livro_Em_Busca_do_Texto_Perfeito_-_Questões_Contemporâneas_de_Edição,_Preparação_e_Revisão_Textual_-_Cia._dos_Livros.html"
Manual do Arquiteto Descalço - Capa Dura,Johan Van Lengen,720,B4 Editores,Português,Capa dura,9788565358668,search/static/search/pages/Cia_dos_Livros/Positivas/Livro_Manual_do_Arquiteto_Descalço_-_Capa_Dura_-_Cia._dos_Livros.html
"Feminismo É Feminino?, O",Maíra Marcondes Moreira,204,Annablume,Português,Brochura,9788539109456,"search/static/search/pages/Cia_dos_Livros/Positivas/Livro_Feminismo_É_Feminino?,_O_-_Cia._dos_Livros.html"
Gramática de Espanhol Para Brasileiros,Esther Maria Milani,432,Saraiva - Didaticos,Português,Brochura,9788502132481,search/static/search/pages/Cia_dos_Livros/Positivas/Livro_Gramática_de_Espanhol_Para_Brasileiros_-_Cia._dos_Livros.html
Nem Só De Ciência Se Faz A Cura: O Que Os Pacientes Me Ensinaram,Protasio L. Da Luz,304,Manole,Português,Brochura,9788578683788,search/static/search/pages/Cia_dos_Livros/Positivas/Livro_Nem_Só_De_Ciência_Se_Faz_A_Cura_-_O_Que_Os_Pacientes_Me_Ensinaram_-_Cia._dos_Livros.html
Aromaterapia e as Emoções: Como Usar Óleos Essenciais Para Equilibrar o Corpo e a Mente,Shirley Price,322,Bertrand,Português,Brochura,9788528608519,search/static/search/pages/Extra/Positivas/Aromaterapia_e_as_Emoções_-_Como_Usar_Óleos_Essenciais_Para_Equilibrar_o_Corpo_e_a_Mente_-_Especialidades_Médicas_no_Extra.com.br.html
Livro - Once Upon A Time - Irmãos Grimm,Irmãos Grimm,272,Planeta,Português,Brochura,9788542203080,search/static/search/pages/Extra/Positivas/Livro_-_Once_Upon_A_Time_-_Irmãos_Grimm_-_Juvenil_no_Extra.com.br.html
Livro - Os Miseráveis - Walcyr Carrasco,Walcyr Carrasco; Victor Hugo,214,Moderna,Português,Brochura,8516079732,search/static/search/pages/Extra/Positivas/Livro_-_Os_Miseráveis_-_Walcyr_Carrasco_-_Juvenil_no_Extra.com.br.html
Livro - Panelinha - Receitas Que Funcionam - Rita Lobo,Rita Lobo,400,Senac,Português,Brochura,8539602776,search/static/search/pages/Extra/Positivas/Livro_-_Panelinha_-_Receitas_Que_Funcionam_-_Rita_Lobo_-_Culinária_no_Extra.com.br.html
Livro - A Pequena Filosofia da Mafalda - Vamos à Sopa - Joaquim Salvador Lavado (Quino),Joaquim Salvador Lavado (Quino),36,Martins,Português,Brochura,9788580632156,search/static/search/pages/Extra/Positivas/Livro_-_A_Pequena_Filosofia_da_Mafalda_-_Vamos_à_Sopa_-_Joaquim_Salvador_Lavado_(Quino)_-_Infantis_no_Extra.com.br.html
Livro - A Seleção: 35 Garotas e uma Coroa - Volume 1 - Kiera Cass,Kiera Cass,368,Seguinte,Português,Brochura,9788565765015,search/static/search/pages/Extra/Positivas/Livro_-_A_Seleção__35_Garotas_e_uma_Coroa_-_Volume_1_-_Kiera_Cass_-_Juvenil_no_Extra.com.br.html
Livro - Como Eu Era Antes de Você - Jojo Moyes,Jojo Moyes,320,Intrínseca,Português,Brochura,8580573297,search/static/search/pages/Extra/Positivas/Livro_-_Como_Eu_Era_Antes_de_Você_-_Jojo_Moyes_-_Romance_no_Extra.com.br.html
Livro - Elas Podem... e Devem: o Livro que vai Mexer com Você - Flaviane Brandemberg,Flaviane Brandemberg,114,Ser,Português,Brochura,8563178393,search/static/search/pages/Extra/Positivas/Livro_-_Elas_Podem..._e_Devem_-_o_Livro_que_vai_Mexer_com_Você_-_Flaviane_Brandemberg_-_Sexologia_no_Extra.com.br.html
Livro - Em Busca de Sentido: Um Psicólogo no Campo de Concentração,Viktor E. Frankl,186,Vozes,Português,Brochura,8532606261,search/static/search/pages/Extra/Positivas/Livro_-_Em_Busca_de_Sentido_-_Um_Psicólogo_no_Campo_de_Concentração_-_Psicologia_no_Extra.com.br.html
"Livro - Eu, Fernando Pessoa: em Quadrinhos - Susana Ventura",Susana Ventura,72,Peirópolis,Português,Brochura,9788575963050,"search/static/search/pages/Extra/Positivas/Livro_-_Eu,_Fernando_Pessoa_-_em_Quadrinhos_-_Susana_Ventura_-_Quadrinhos_Adultos_no_Extra.com.br.html"
MAIS ESPERTO QUE O DIABO,"HILL, NAPOLEON",200,CDG,PORTUGUÊS,BROCHURA,8568014003,search/static/search/pages/Livaria_Cultura/Positivas/Livro_-_MAIS_ESPERTO_QUE_O_DIABO_-_Livraria_Cultura.html
O CAIBALION,TRES INICIADOS,128,PENSAMENTO,PORTUGUÊS,BROCHURA,8531500710,search/static/search/pages/Livaria_Cultura/Positivas/Livro_-_O_CAIBALION_-_Livraria_Cultura.html
O PODER DO HÁBITO,"DUHIGG, CHARLES",408,OBJETIVA,PORTUGUÊS,BROCHURA,8539004119,search/static/search/pages/Livaria_Cultura/Positivas/Livro_-_O_PODER_DO_HÁBITO_-_Livraria_Cultura.html
QUEM PENSA ENRIQUECE,"HILL, NAPOLEON",248,FUNDAMENTO,PORTUGUÊS,BROCHURA,8576766302,search/static/search/pages/Livaria_Cultura/Positivas/Livro_-_QUEM_PENSA_ENRIQUECE_-_Livraria_Cultura.html
SOCIEDADE DO CANSAÇO,"HAN, BYUNG-CHUL",136,VOZES,PORTUGUÊS,BROCHURA,8532649963,search/static/search/pages/Livaria_Cultura/Positivas/Livro_-_SOCIEDADE_DO_CANSAÇO_-_Livraria_Cultura.html
GESTALT-TERAPIA - FUNDAMENTOS EPISTEMOLOGICOS,"FRAZAO, LILIAN MEYER",184,SUMMUS,PORTUGUÊS,BROCHURA,8532309089,search/static/search/pages/Livaria_Cultura/Positivas/Livro_GESTALT-TERAPIA_-_FUNDAMENTOS_EPISTEMOLOGICOS___Livraria_Cultura.html
INTRODUÇAO A ALGEBRA LINEAR COM APLICAÇOES,"KOLMAN, BERNARD",684,LTC,PORTUGUÊS,BROCHURA,8521614780,search/static/search/pages/Livaria_Cultura/Positivas/Livro_INTRODUÇAO_A_ALGEBRA_LINEAR_COM_APLICAÇOES___Livraria_Cultura.html
O DIÁRIO DE ANNE FRANK,"FRANK, ANNE",224,PRINCIPIS,PORTUGUÊS,BROCHURA,8594318286,search/static/search/pages/Livaria_Cultura/Positivas/Livro_O_DIÁRIO_DE_ANNE_FRANK___Livraria_Cultura.html
O MUNDO SEGUNDO FELIPE NETO,"NETO, FELIPE",128,PIXEL,PORTUGUÊS,CAPA,8555462096,search/static/search/pages/Livaria_Cultura/Positivas/Livro_O_MUNDO_SEGUNDO_FELIPE_NETO___Livraria_Cultura.html
O PEQUENO PRINCIPE (LIVRO DE BOLSO),"SAINT-EXUPERY, ANTOINE DE",96,CAMINHO,PORTUGUÊS,BROCHURA,8589987337,search/static/search/pages/Livaria_Cultura/Positivas/Livro_O_PEQUENO_PRINCIPE_(LIVRO_DE_BOLSO)___Livraria_Cultura.html
"PRÓLOGO, ATO, EPÍLOGO","MONTENEGRO, FERNANDA",328,COMPANHIA,PORTUGUÊS,BROCHURA,8535932550,"search/static/search/pages/Livaria_Cultura/Positivas/Livro_PRÓLOGO,_ATO,_EPÍLOGO___Livraria_Cultura.html"
QUEM PENSA ENRIQUECE,"HILL, NAPOLEON",248,FUNDAMENTO,PORTUGUÊS,BROCHURA,8576766302,search/static/search/pages/Livaria_Cultura/Positivas/Livro_QUEM_PENSA_ENRIQUECE___Livraria_Cultura.html
"Ambiente E Os Processos De Maturacao, O","Winnicott, Dona",268,Artmed,Português,Livro,9788573074567,"search/static/search/pages/Disal/Positivas/Ambiente_E_Os_Processos_De_Maturacao,_O_-_9788573074567.html"
Autorretrato E Outras Crônicas,"Andrade, Drummond De Andrade",256,Record,Português,Livro,9788501112330,search/static/search/pages/Disal/Positivas/Autorretrato_E_Outras_Crônicas_-_9788501112330.html
Aventuras Na Netoland Com Luccas Neto,"Neto, Luccas",64,Pixel Media (nova Fronteira),Português,Livro,9788555461002,search/static/search/pages/Disal/Positivas/Aventuras_Na_Netoland_Com_Luccas_Neto_-_9788555461002.html
Exames Laboratoriais E Diagnosticos Em Enfermagem - 9º Ed,"Fischbach, Frances",732,Guanabara (grupo Gen),Português,Livro,9788527726634,search/static/search/pages/Disal/Positivas/Exames_Laboratoriais_E_Diagnosticos_Em_Enfermagem_-_9o_Ed_-_9788527726634.html
Fisiologia Endocrina (lange) - 4º Ed,"Molina, Patricia E.",309,Mcgraw Hill (artmed),Português,Livro,9788580553918,search/static/search/pages/Disal/Positivas/Fisiologia_Endocrina_(lange)_-_4o_Ed_-_9788580553918.html
Gestao Hospitalar - Para Uma Administracao Eficaz,"Malagon-londono, Gustavo",612,Guanabara (grupo Gen),Português,Livro,9788527733298,search/static/search/pages/Disal/Positivas/Gestao_Hospitalar_-_Para_Uma_Administracao_Eficaz_-_9788527733298.html
Gramatica Da Lingua Portuguesa Para Leigos,"Schlee, Magda Bahia",248,Alta Books,Português,Livro,9788550803395,search/static/search/pages/Disal/Positivas/Gramatica_Da_Lingua_Portuguesa_Para_Leigos_-_9788550803395.html
Introducao A Analise Matematica,"Avila, Geraldo",260,Edgard Blucher,Português,Livro,9788521201687,search/static/search/pages/Disal/Positivas/Introducao_A_Analise_Matematica_-_9788521201687.html
Michaelis Minidicionario Alemao - Alemao-portugues - Portugues-alemao,Melhoramentos,480,Melhoramentos,Alemão-português / português-alemão,Livro,9788506078563,search/static/search/pages/Disal/Positivas/Michaelis_Minidicionario_Alemao_-_Alemao-portugues_-_Portugues-alemao_-_9788506078563.html
Michaelis Minidicionario Espanhol - Espanhol-portugues / Portugues-espanhol,Melhoramentos,462,Melhoramentos,Português - Espanhol,Livro,9788506078532,search/static/search/pages/Disal/Positivas/Michaelis_Minidicionario_Espanhol_-_Espanhol-portugues___Portugues-espanhol_-_9788506078532.html
Michaelis Minidicionario Frances - Frances-portugues / Portugues-frances - 3ª Ed,Melhoramentos,510,Melhoramentos,Português - Francês,Livro,9788506078549,search/static/search/pages/Disal/Positivas/Michaelis_Minidicionario_Frances_-_Frances-portugues___Portugues-frances_-_3a_Ed_-_9788506078549.html
A cinco passos de você,Rachael Lippincott,288,Globo Alt,Português,Livro brochura,9788525067425,search/static/search/pages/Americanas/Positivas/Livro_-_A_Cinco_Passos_de_Você_nas_Lojas_Americanas.com.html
A corrente,Adrian McKinty,378,Record,Português,Livro brochura,9788501117656,search/static/search/pages/Americanas/Positivas/Livro_-_A_Corrente_nas_Lojas_Americanas.com.html
As 13 maldições (Vol. 2),Michelle Harrison,434,Bertrand Brasil,Português,Livro brochura,9788528616668,search/static/search/pages/Americanas/Positivas/Livro_-_As_13_Maldições_-_Edição_Econômica_nas_Lojas_Americanas.com.html
Crônicas Saxônicas: A guerra do lobo (Vol. 11),Bernard Cornwell,378,Record,Português,Livro brochura,9788501117359,search/static/search/pages/Americanas/Positivas/Livro_-_Crônicas_Saxônicas:_A_Guerra_do_Lobo_nas_Lojas_Americanas.com.html
Eu sou Eric Zimmerman - Volume 2,Megan Maxwell,400,Essência,Português,Livro brochura,9788542217209,search/static/search/pages/Americanas/Positivas/Livro_-_Eu_Sou_Eric_Zimmerman_nas_Lojas_Americanas.com.html
Herdeiro de Sevenwaters - Vol. 4,Juliet Marillier,496,Butterfly,Português,Livro,9788568674055,search/static/search/pages/Americanas/Positivas/Livro_-_Herdeiro_de_Sevenwaters_-_Coleção_Sevenwaters_-_Vol._4_nas_Lojas_Americanas.com.html
História da filosofia cristã,"Etienne Gilson, Philotheus Boehner",584,Editora Vozes,Português,Livro brochura,9788532607379,search/static/search/pages/Americanas/Positivas/Livro_-_Historia_Da_Filosofia_Crista_nas_Lojas_Americanas.com.html
"Medicina Dos Horrores: A história de Joseph Lister, o homem que revolucionou o apavorante mundo das cirurgias do século XIX",Lindsey Fizharris,320,Intrínseca,Português,Livro Capa Dura,9788551005224,search/static/search/pages/Americanas/Positivas/Livro_-_Medicina_dos_Horrores_nas_Lojas_Americanas.com.html
O cadete e o capitão,Luiz Maklouf Carvalho,256,Todavia,Português,Livro brochura,9786580309351,search/static/search/pages/Americanas/Positivas/Livro_-_O_Cadete_e_o_Capitão_nas_Lojas_Americanas.com.html
Paixão libertadora,Sophie Jackson,352,Editora Arqueiro,Português,Livro brochura,9788580415421,search/static/search/pages/Americanas/Positivas/Livro_-_Paixão_Libertadora_-_Desejo_Proibido_-_Vol._2_nas_Lojas_Americanas.com.html
Luccas Neto em os aventureiros,Luccas Neto,64,Pixel,Português,Livro brochura,9788555461927,search/static/search/pages/Submarino/Positivas/LIvro_-_Luccas_Neto_em_Os_Aventureiros_no_Submarino.com.html
A dama mais apaixonada,"Julia Quinn, Eloisa James, Connie Brockway",288,Editora Arqueiro,Português,Livro brochura,9788530600211,search/static/search/pages/Submarino/Positivas/Livro_-_A_Dama_Mais_Apaixonada_no_Submarino.com.html
O Labirinto Do Fauno,"Guillermo del Toro, Cornelia Funke",320,Intrínseca,Português,Livro Capa Dura,9788551005194,search/static/search/pages/Submarino/Positivas/Livro_-_O_Labirinto_do_Fauno_no_Submarino.com.html
ABSOLUTE SANDMAN VOL. 1,Neil Gaiman,88,Panini Books,Português,Livro Capa Dura,9788573516531,search/static/search/pages/Submarino/Positivas/Livro_-_Sandman_-_Edição_Definitiva_no_Submarino.com.html
,Elizabeth Rudnick,224,,Português,Livro,,search/static/search/pages/Submarino/Positivas/Livro_-_O_Rei_Leão_Livro_Oficial_com_a_História_do_Filme_no_Submarino.com.html
,"Otomo, Katsuhiro",400,,Português,Livro,,search/static/search/pages/Submarino/Positivas/Livro_-_Akira_no_Submarino.com.html
,Veronica Roth,448,,Português,Livro,9788579804557,search/static/search/pages/Submarino/Positivas/Livro_-_Destinos_Divididos_no_Submarino.com.html
,Lauren Blakely,320,,Português,Livro,9788595810846,search/static/search/pages/Submarino/Positivas/Livro_-_Melhor_que_a_Encomenda_no_Submarino.com.html
,Bráulio Bessa,160,,Português,Livro,9788543108377,search/static/search/pages/Submarino/Positivas/Livro_-_Um_Carinho_na_Alma_+_3_Cordéis_do_Autor_no_Submarino.com.html
Seja Foda! - Black Edition,Caio Carneiro,208,Buzz Editora,Português,Livro Capa Dura,9786580435173,search/static/search/pages/Submarino/Positivas/Livro_-_Seja_Foda!_no_Submarino.com.html
